loss,acc
0.0033955604303628206,0.9783573806881243
0.004159925971180201,0.9794672586015538
0.0015591642586514354,0.9813170551239364
0.04130435362458229,0.985386607473178
0.0028056895826011896,0.9846466888642249
